id,Name,titleProject_id,class,score,login,password
0,Сербин Геннадий Михаилович,7,8в,2,Сербин_ГМ,GBfYy8Hh
1,Папандина Клавдия Яковлевна,304,9в,5,Папандина_КЯ,IWmA9th2
2,Белагина Галина Андреевна,396,9а,4,Белагина_ГА,D4EBVDGL
3,Кижняева Анна Леонидовна,178,7и,2,Кижняева_АЛ,iDOAoaGF
4,Цывин Олег Яковлевич,446,7т,2,Цывин_ОЯ,GxWEpTBr
5,Жидняева Ксения Эдуардовна,373,7х,4,Жидняева_КЭ,tThjcFZg
6,Липковский Анатолий Иванович,144,10а,2,Липковский_АИ,XTLmP97g
7,Меднова Наталья Богдановна,290,7и,5,Меднова_НБ,2wCfFKzX
8,Житихин Вячеслав Романович,141,9а,5,Житихин_ВР,jqqlNpvL
9,Шеврина Полина Максимовна,33,11а,5,Шеврина_ПМ,xcljD0kb
10,Алпеев Валентин Данилович,323,8а,2,Алпеев_ВД,NM87eTfF
11,Золикова Клара Игоревна,364,10х,2,Золикова_КИ,olzY9nZ9
12,Дориков Дмитрий Петрович,296,10г,5,Дориков_ДП,o8W7YWqz
13,Корабышев Кирилл Михаилович,302,8и,5,Корабышев_КМ,yWLDwmlt
14,Ростовиков Константин Николаевич,336,10а,2,Ростовиков_КН,s9rEG0e6
15,Нехаев Дмитрий Фёдорович,129,7х,4,Нехаев_ДФ,UVL2oBxc
16,Зызлова Мария Николаевна,430,8г,3,Зызлова_МН,WUVGaofl
17,Королупов Валерий Тимофеевич,397,10д,5,Королупов_ВТ,Aj9tMKz3
18,Стенцов Евгений Яковлевич,315,8и,4,Стенцов_ЕЯ,izj6FivP
19,Феклисов Константин Виталиевич,270,9т,None,Феклисов_КВ,EHcXCz7z
20,Синелев Руслан Тимофеевич,300,8и,2,Синелев_РТ,37grANOm
21,Опевалова Вера Евгеньевна,473,9д,5,Опевалова_ВЕ,9PQm14tf
22,Назерова Вероника Василевна,206,7б,5,Назерова_ВВ,0022IhsN
23,Дименская Светлана Дмитриевна,387,9д,5,Дименская_СД,hU9kybEs
24,Ковторева Раиса Василевна,482,9и,2,Ковторева_РВ,kFVom6aZ
25,Кулишнин Вячеслав Яковлевич,386,11х,5,Кулишнин_ВЯ,wEMMLf1L
26,Лексин Кирилл Антонович,139,7в,5,Лексин_КА,kT4GL4Rr
27,Лаковский Григорий Василиевич,240,7д,5,Лаковский_ГВ,gBlyFEDV
28,Барамыкова Александра Алексеевна,106,10а,3,Барамыкова_АА,U4ohT89V
29,Плясулина Оксана Андреевна,346,8х,2,Плясулина_ОА,VLVxJZUB
30,Петрикеев Станислав Яковлевич,14,7и,4,Петрикеев_СЯ,cBiyGNgf
31,Моторыгин Илья Георгиевич,238,10и,5,Моторыгин_ИГ,UcKE5B6k
32,Рыков Тарас Павлович,174,10и,5,Рыков_ТП,OiOFtnzT
33,Иончикова Елизавета Егоровна,169,8д,5,Иончикова_ЕЕ,RPCfb2oy
34,Смолькина Алиса Егоровна,441,7г,5,Смолькина_АЕ,xnrJOqlI
35,Оболенин Герасим Павлович,472,7и,4,Оболенин_ГП,xP2rlA5Q
36,Трощинский Георгий Борисович,67,9д,3,Трощинский_ГБ,cuuhbMma
37,Поддубская Лиза Игоревна,496,10а,4,Поддубская_ЛИ,L4vD1qD3
38,Телькова Валерия Олеговна,335,7х,4,Телькова_ВО,StZ8tyOO
39,Чигварина Александра Алексеевна,428,10б,2,Чигварина_АА,63sSO2DT
40,Киреевский Артур Игоревич,119,7в,3,Киреевский_АИ,ssL6IlgI
41,Шумейкин Роман Павлович,420,8в,5,Шумейкин_РП,ustjnFiA
42,Трушинов Максим Алексиевич,82,8и,4,Трушинов_МА,4hzn6rj0
43,Голюков Денис Сергеевич,62,11б,4,Голюков_ДС,uaj7Oud8
44,Хлиманкова Надежда Валерьевна,461,10б,3,Хлиманкова_НВ,ED125Sas
45,Кулаженков Алексей Олегович,367,10в,2,Кулаженков_АО,sfVD0w6K
46,Бутукин Владимир Адамович,221,7х,5,Бутукин_ВА,x89VBJiA
47,Поддуев Леонид Олегович,149,9х,4,Поддуев_ЛО,iujLYYrd
48,Ревцев Василий Павлович,360,9х,5,Ревцев_ВП,eJswTGHH
49,Старокожев Артём Юрьевич,46,8д,3,Старокожев_АЮ,42625x2v
50,Светошев Максим Михаилович,321,10х,2,Светошев_ММ,WWU4jxxH
51,Старынина Кристина Федоровна,266,9д,3,Старынина_КФ,Vr6GN8gx
52,Востров Дмитрий Денисович,282,9г,3,Востров_ДД,8RdqLEIP
53,Бураханова Анастасия Леонидовна,16,8г,2,Бураханова_АЛ,XrD2ydG7
54,Понизов Виктор Кириллович,214,11и,5,Понизов_ВК,cd3pCSfR
55,Суздалев Валерий Алексеевич,66,11т,5,Суздалев_ВА,dyCb8RNU
56,Колендин Дмитрий Алексеевич,153,10в,4,Колендин_ДА,joh8UKmj
57,Сулькова Екатерина Андреевна,325,8и,4,Сулькова_ЕА,ac0TVVR4
58,Аржевитова Надежда Федоровна,242,10в,2,Аржевитова_НФ,gLMY6Emh
59,Крассов Валерий Олегович,201,8х,5,Крассов_ВО,gckqkgWq
60,Сонураева Инна Андреевна,450,9т,3,Сонураева_ИА,mpROVm9i
61,Пашин Роман Вадимович,204,10д,2,Пашин_РВ,g69nISL5
62,Фичкина Евгения Федоровна,29,11д,3,Фичкина_ЕФ,AOMhjq6q
63,Свилин Олег Виталиевич,123,8в,2,Свилин_ОВ,mue7LKol
64,Рогоцкий Андрей Адамович,142,9в,2,Рогоцкий_АА,8OnW9y1I
65,Ахантьев Игорь Валериевич,80,10д,5,Ахантьев_ИВ,kWzqtAzU
66,Сочиникова Ксения Кирилловна,100,10д,2,Сочиникова_КК,s5Uzd435
67,Остюков Артур Романович,329,11и,3,Остюков_АР,CYdsjGrS
68,Брюкина Оксана Викторовна,98,8в,5,Брюкина_ОВ,qw3weAeM
69,Кузовенков Игорь Юрьевич,322,9г,None,Кузовенков_ИЮ,1Kh8NULU
70,Калухов Тарас Иванович,207,11а,3,Калухов_ТИ,TENUDONl
71,Батыров Пётр Виталиевич,227,7и,3,Батыров_ПВ,yIz2I2YM
72,Озрина Катерина Валерьевна,147,10а,4,Озрина_КВ,mcZvglMj
73,Декалова Полина Леонидовна,470,11д,5,Декалова_ПЛ,UB8DfTcC
74,Лосицкий Владимир Кириллович,369,9т,5,Лосицкий_ВК,jj7v0PFO
75,Магнусов Пётр Максимович,437,7и,5,Магнусов_ПМ,24LXreUP
76,Лавренков Михаил Василиевич,188,9б,2,Лавренков_МВ,clTveOo4
77,Шушкалова Вероника Алексеевна,411,8т,5,Шушкалова_ВА,yOk8CB8x
78,Бороданова Маргарита Дмитриевна,118,7г,5,Бороданова_МД,GE1qMwe4
79,Циркина Виолетта Федоровна,231,9г,2,Циркина_ВФ,S51gNCZs
80,Болохина Екатерина Андреевна,194,11д,3,Болохина_ЕА,Ak5l260X
81,Чукалова Дарья Валерьевна,20,10г,4,Чукалова_ДВ,a6kbVS0l
82,Беловолов Степан Петрович,222,9д,2,Беловолов_СП,od9OjyYK
83,Зудейкина Вероника Ивановна,166,8и,3,Зудейкина_ВИ,MzZgS21o
84,Макунова Мария Борисовна,47,9в,5,Макунова_МБ,B0AvLskp
85,Верзанский Геннадий Андреевич,497,7д,5,Верзанский_ГА,JEgSrcMu
86,Алтубин Ярослав Леонидович,414,10г,5,Алтубин_ЯЛ,YeXDLv4i
87,Аузин Игорь Алексиевич,435,8х,5,Аузин_ИА,ltX0pH4s
88,Калыгин Степан Тимофеевич,353,8и,2,Калыгин_СТ,ZdJ34flS
89,Дурныгина Полина Игоревна,72,8и,2,Дурныгина_ПИ,Leqffmio
90,Антюфеева Александра Вадимовна,347,8и,2,Антюфеева_АВ,IqQ4g112
91,Лощинский Борис Романович,210,10б,3,Лощинский_БР,BGE43Pk2
92,Ходорков Евгений Виталиевич,344,9г,5,Ходорков_ЕВ,qkod7pqh
93,Кафорин Федор Данилович,427,10д,3,Кафорин_ФД,QsKgAvBk
94,Косынская Алиса Дмитриевна,40,9в,3,Косынская_АД,BBpvDEUD
95,Беремцев Артём Антонович,434,11т,2,Беремцев_АА,ope0rTr3
96,Влянская Мария Андреевна,490,7т,4,Влянская_МА,XJZhrM4G
97,Мыгеева Лиза Василевна,280,8в,5,Мыгеева_ЛВ,yPogVojh
98,Акутникова Мария Алексеевна,173,11в,2,Акутникова_МА,kfm6vE8i
99,Карябкин Константин Максимович,89,7и,2,Карябкин_КМ,Z84bsEj8
100,Прилепина Яна Максимовна,30,10в,5,Прилепина_ЯМ,VnhU5EFs
101,Ведищев Никита Георгиевич,365,7и,5,Ведищев_НГ,ozJx0j1h
102,Самчева Вероника Борисовна,287,10г,3,Самчева_ВБ,XW3Us85v
103,Пирцхалова Карина Леонидовна,452,10г,5,Пирцхалова_КЛ,qLOaHZak
104,Павлочев Денис Борисович,432,11д,5,Павлочев_ДБ,62PfsJhQ
105,Арашкова Екатерина Евгеньевна,356,8х,None,Арашкова_ЕЕ,4XThCe2E
106,Байсарова Людмила Василевна,215,11и,2,Байсарова_ЛВ,nUPn98Tm
107,Кудекина Зинаида Игоревна,250,10и,3,Кудекина_ЗИ,P6ZiNCFe
108,Дерналов Виталий Викторович,1,9г,4,Дерналов_ВВ,KDA8e7RB
109,Сазинова Галина Романовна,61,9и,3,Сазинова_ГР,r5XE1jFS
110,Остаченова Марина Эдуардовна,229,9т,5,Остаченова_МЭ,dbeOWtiq
111,Битюкова Яна Егоровна,488,9и,4,Битюкова_ЯЕ,l1Vv02hT
112,Иваницкий Константин Борисович,232,8д,5,Иваницкий_КБ,cDvo1VfT
113,Белянский Владислав Игоревич,74,11б,5,Белянский_ВИ,eIszNiBE
114,Баранкин Артём Алексеевич,382,9т,2,Баранкин_АА,529ZyNq5
115,Шкабанова Софья Вадимовна,499,9х,4,Шкабанова_СВ,3BNgXV5S
116,Полозлов Денис Адамович,155,8т,3,Полозлов_ДА,AaLZP3Pv
117,Жунина Светлана Михайловна,162,8в,3,Жунина_СМ,DBdoKApK
118,Пантыкин Борис Игоревич,245,9х,2,Пантыкин_БИ,2KB9A18h
119,Доутова Марина Богдановна,189,11х,2,Доутова_МБ,KU3IyaZ5
120,Трещалова Яна Андреевна,330,8б,3,Трещалова_ЯА,yKtKDBgL
121,Ивашечкин Александр Данилович,390,10т,4,Ивашечкин_АД,WEuJau0j
122,Мазьянова Инна Богдановна,416,11в,4,Мазьянова_ИБ,KHlYADSN
123,Корогев Николай Евгеньевич,184,8б,5,Корогев_НЕ,5jGXtuDA
124,Заидова Галина Максимовна,88,9т,4,Заидова_ГМ,ZgvpGVcn
125,Рамхин Кирилл Алексиевич,459,9х,4,Рамхин_КА,QPa3OaHP
126,Кизбабаев Эдуард Фёдорович,415,11т,2,Кизбабаев_ЭФ,vdzkOMiW
127,Соурчаков Ярослав Валериевич,268,8б,2,Соурчаков_ЯВ,0qXwnr7a
128,Мотяшева Алена Михайловна,404,7т,2,Мотяшева_АМ,GT7Brvcc
129,Горшкова Наталия Яковлевна,340,11а,2,Горшкова_НЯ,FUccEjSq
130,Зябрицкий Игорь Виталиевич,332,7а,5,Зябрицкий_ИВ,OtHcMWsS
131,Шельдяев Игорь Юриевич,97,7д,5,Шельдяев_ИЮ,Psx0eb7C
132,Шмелькин Максим Викторович,483,9т,5,Шмелькин_МВ,DyU4TEWF
133,Жалкин Алексей Алексеевич,43,7а,3,Жалкин_АА,qj7DQ7Nn
134,Худасов Денис Максимович,70,10д,2,Худасов_ДМ,qP6wsoyi
135,Швичкова Наталья Эдуардовна,398,7г,4,Швичкова_НЭ,IAWBj6yA
136,Едская Жанна Валерьевна,436,11в,4,Едская_ЖВ,PL6XePUQ
137,Поморзина Полина Евгеньевна,122,7д,4,Поморзина_ПЕ,DWvlhNsU
138,Будачева Кира Олеговна,55,11х,4,Будачева_КО,HpysxFDW
139,Молкаев Василий Валериевич,216,8д,2,Молкаев_ВВ,aEGj52gn
140,Яцынин Константин Тимофеевич,285,7г,2,Яцынин_КТ,MOzyiBx4
141,Маховиков Василий Петрович,391,7х,4,Маховиков_ВП,RImgioFB
142,Шаметова Евгения Вадимовна,463,7а,2,Шаметова_ЕВ,icCmOujr
143,Законнова Жанна Евгеньевна,442,11и,None,Законнова_ЖЕ,FD4IIYV2
144,Перчихин Аркадий Тимофеевич,164,10т,3,Перчихин_АТ,CI1MVPOO
145,Бурдасова Ксения Игоревна,203,9а,3,Бурдасова_КИ,OurvaDD5
146,Киссин Степан Иванович,251,7х,5,Киссин_СИ,dPgAXKP4
147,Вапилина Мария Егоровна,77,7д,2,Вапилина_МЕ,n2QpUqYW
148,Сигутина Дарья Федоровна,458,7б,2,Сигутина_ДФ,7vfrLSte
149,Сошьяков Альберт Фёдорович,17,7т,4,Сошьяков_АФ,eQymz3wR
150,Лугахина Клара Вадимовна,419,8в,4,Лугахина_КВ,TEcuPDM3
151,Логецкий Анатолий Виталиевич,372,11б,4,Логецкий_АВ,Z89TkdLs
152,Ковайкова Юлия Егоровна,75,10г,2,Ковайкова_ЮЕ,IX2LoeZb
153,Вермутский Валерий Петрович,447,9и,5,Вермутский_ВП,VT1RjqtF
154,Россомахов Олег Юриевич,56,8в,2,Россомахов_ОЮ,TDiJGMae
155,Циплакова Екатерина Егоровна,471,9б,5,Циплакова_ЕЕ,3MCKHkW0
156,Квятцева Алла Никитична,138,11в,2,Квятцева_АН,oh6WXgxG
157,Выхухолева Лариса Василевна,384,8б,5,Выхухолева_ЛВ,8aUUjM76
158,Целохов Андрей Вадимович,433,8и,5,Целохов_АВ,PL4pzBOS
159,Бендин Иван Яковлевич,71,8и,4,Бендин_ИЯ,97tEBVwi
160,Лазученков Василий Алексеевич,381,7х,2,Лазученков_ВА,3qm3tvDh
161,Скоропухов Михаил Василиевич,69,10и,3,Скоропухов_МВ,6YpwbUDm
162,Мухонкин Тарас Романович,126,9и,4,Мухонкин_ТР,66nxQYtL
163,Камерцев Владимир Кириллович,303,7а,3,Камерцев_ВК,0TExsHjW
164,Сандрыкина Анна Олеговна,324,10т,2,Сандрыкина_АО,E0r9jRMf
165,Недбайлов Алексей Денисович,15,7т,2,Недбайлов_АД,uQpGhV6A
166,Серпков Ярослав Георгиевич,380,10б,4,Серпков_ЯГ,TQqnaN0Q
167,Хатшуклов Аркадий Николаевич,42,11т,4,Хатшуклов_АН,LkqtIHgk
168,Литвалиева Алиса Егоровна,10,11и,3,Литвалиева_АЕ,DiUbn0Mz
169,Енесина Лиза Валерьевна,293,9б,5,Енесина_ЛВ,WwfeCstr
170,Пикальков Эдуард Алексиевич,21,8д,5,Пикальков_ЭА,EmouCntC
171,Сачинский Валентин Кириллович,125,10т,2,Сачинский_ВК,XvRdRzDV
172,Тарзанова Евгения Аркадьевна,96,9д,2,Тарзанова_ЕА,S4bXfzNN
173,Лапундин Юрий Игоревич,267,8и,5,Лапундин_ЮИ,4LU3DHqd
174,Личева Лиза Михайловна,453,9б,3,Личева_ЛМ,52WL4DGh
175,Смароверов Яков Борисович,131,11в,4,Смароверов_ЯБ,ioz6xbhY
176,Вереина Алла Василевна,295,10и,3,Вереина_АВ,u3yOJGr7
177,Погиблева Дарья Леонидовна,283,9в,5,Погиблева_ДЛ,JAsQQyOe
178,Байнова Анастасия Вадимовна,363,7б,3,Байнова_АВ,EYmRVIGm
179,Шиловский Вячеслав Максимович,438,9и,4,Шиловский_ВМ,QOqweCEX
180,Сыждиков Пётр Василиевич,494,11х,5,Сыждиков_ПВ,fsvlP99n
181,Каценова Алёна Эдуардовна,165,11т,2,Каценова_АЭ,Qq9LPowt
182,Мужицких Ева Олеговна,348,8х,3,Мужицких_ЕО,ty7hIJ7K
183,Плеснецов Степан Юрьевич,22,10а,2,Плеснецов_СЮ,8r29HxKw
184,Игумнова Алёна Сергеевна,114,9д,4,Игумнова_АС,bwvMI2dH
185,Хадаров Владимир Валериевич,278,11т,5,Хадаров_ВВ,wHH9nJmM
186,Ступакова Кира Ивановна,421,8и,3,Ступакова_КИ,jvDQhlEY
187,Шоленинов Федор Максимович,286,11т,4,Шоленинов_ФМ,dWJBAfKK
188,Гундаров Руслан Николаевич,158,9д,4,Гундаров_РН,kKjm7bke
189,Гречишева Марина Андреевна,464,7д,2,Гречишева_МА,xtLjXHc4
190,Утилова Алена Андреевна,253,11д,3,Утилова_АА,yMztZyaa
191,Роткичева Алиса Максимовна,410,10а,4,Роткичева_АМ,1NhO0W5x
192,Колтышева Марина Вадимовна,87,11г,4,Колтышева_МВ,FvWVUVZn
193,Гурычева Лариса Валерьевна,489,9б,2,Гурычева_ЛВ,fSxafG9n
194,Горцева Кристина Никитична,246,8и,4,Горцева_КН,LDcpGlJD
195,Кутурин Геннадий Денисович,197,9в,2,Кутурин_ГД,nMxGe14A
196,Стефанков Яков Евгеньевич,318,10г,3,Стефанков_ЯЕ,oWCblMW9
197,Множина Людмила Василевна,90,8б,2,Множина_ЛВ,bx0SQ4ou
198,Семисалов Георгий Иванович,316,9в,3,Семисалов_ГИ,B7AwWL0e
199,Рогалов Альберт Валериевич,327,9б,2,Рогалов_АВ,4w1cbDYl
200,Черетаева Анастасия Олеговна,341,9б,2,Черетаева_АО,dywUu1qy
201,Радоминова Любовь Игоревна,25,9и,5,Радоминова_ЛИ,eXTyShpQ
202,Шувырина Лиза Андреевна,395,9а,5,Шувырина_ЛА,71hCOlYD
203,Калиженков Семён Алексеевич,401,11а,4,Калиженков_СА,96SmUUAz
204,Старокашин Константин Петрович,309,10а,3,Старокашин_КП,cvOikZMw
205,Малтоцов Аркадий Яковлевич,218,8а,3,Малтоцов_АЯ,LdqqYaXi
206,Кузеванова Ева Егоровна,116,7д,2,Кузеванова_ЕЕ,bh49Snrt
207,Нурулина Алёна Егоровна,284,9х,2,Нурулина_АЕ,qqkktjTX
208,Лератов Герасим Сергеевич,374,10а,4,Лератов_ГС,NP2Mjlxp
209,Людин Руслан Аркадиевич,498,7и,3,Людин_РА,SFetLspb
210,Пурин Виктор Данилович,154,8и,5,Пурин_ВД,KAkXCrDB
211,Лютов Виктор Юрьевич,288,11г,2,Лютов_ВЮ,04KgKsx4
212,Марюшкина Яна Федоровна,345,10д,5,Марюшкина_ЯФ,mVjhSb6z
213,Томилова Кристина Михайловна,492,11б,3,Томилова_КМ,UITNQiWE
214,Дистерев Валерий Валериевич,24,7г,3,Дистерев_ВВ,W52rwoQK
215,Дочкин Геннадий Алексиевич,52,11и,5,Дочкин_ГА,9RFXxo2U
216,Иняхин Руслан Сергеевич,234,7и,5,Иняхин_РС,qrwP81qP
217,Знайкова Раиса Егоровна,148,11х,3,Знайкова_РЕ,SbOeiAHb
218,Кашавцев Аркадий Леонидович,58,7а,4,Кашавцев_АЛ,gOTPpuLR
219,Пятернина Кристина Андреевна,445,7и,2,Пятернина_КА,CcBKeeMr
220,Гусеева Карина Викторовна,263,9и,2,Гусеева_КВ,B70BZCi0
221,Кастева Яна Сергеевна,108,7и,2,Кастева_ЯС,N0Z4XCtA
222,Гришанин Тарас Павлович,113,10т,2,Гришанин_ТП,bITJCEX6
223,Грамоткин Илья Викторович,195,8д,5,Грамоткин_ИВ,lApxundM
224,Мелисин Геннадий Василиевич,465,10г,2,Мелисин_ГВ,yH1LSGRI
225,Цинина Светлана Яковлевна,105,11г,5,Цинина_СЯ,rwEfDzby
226,Петов Георгий Адамович,57,9а,2,Петов_ГА,QBFSWMRh
227,Реева Валентина Максимовна,146,11и,5,Реева_ВМ,ehjol9N4
228,Слесивых Мария Аркадьевна,35,7и,5,Слесивых_МА,Ck6MbxP1
229,Афтаева Полина Ивановна,193,10д,5,Афтаева_ПИ,ek8iqTFI
230,Кривицкий Валентин Виталиевич,208,8х,5,Кривицкий_ВВ,Vpg4kxPo
231,Чубатов Константин Леонидович,279,11а,4,Чубатов_КЛ,oIQDV5CV
232,Партенков Геннадий Павлович,418,8х,3,Партенков_ГП,zmCZJ8uJ
233,Черушев Григорий Борисович,84,7г,4,Черушев_ГБ,ZS9kwQwe
234,Тютекин Георгий Тимофеевич,262,7а,2,Тютекин_ГТ,ZmMJMTwk
235,Янкевский Вячеслав Адамович,167,11г,4,Янкевский_ВА,PflklCSA
236,Сухручкина Клавдия Аркадьевна,177,7в,4,Сухручкина_КА,g21bHQeN
237,Конофалова Клара Петровна,95,11д,5,Конофалова_КП,6eyg4uFY
238,Лигасов Михаил Павлович,491,11г,4,Лигасов_МП,4xArD8Xm
239,Писарьков Альберт Игоревич,313,8в,4,Писарьков_АИ,7cOco9im
240,Варов Кирилл Иванович,28,8а,5,Варов_КИ,rB0j0edL
241,Пурынов Евгений Петрович,244,9и,3,Пурынов_ЕП,xyz9joP3
242,Супрутская Вероника Викторовна,187,9а,2,Супрутская_ВВ,1h5xC2Bn
243,Скроцкая Алина Федоровна,127,8г,3,Скроцкая_АФ,LakLk6xV
244,Барадулин Вадим Юрьевич,281,11х,3,Барадулин_ВЮ,0K4VygtQ
245,Точилин Дмитрий Фёдорович,476,8а,2,Точилин_ДФ,WrHPicBq
246,Бикмуллин Руслан Валериевич,333,11т,2,Бикмуллин_РВ,VFqT5Vg6
247,Серпичев Василий Алексиевич,394,10х,5,Серпичев_ВА,YKB5LwJ5
248,Вострышев Яков Аркадиевич,343,8г,5,Вострышев_ЯА,HSMzMNul
249,Грушчева София Евгеньевна,480,11в,None,Грушчева_СЕ,cAbbHOGh
250,Кулапов Александр Юрьевич,109,9б,5,Кулапов_АЮ,95XA0bme
251,Чибисенков Владислав Фёдорович,375,8х,3,Чибисенков_ВФ,2atDm7CD
252,Утилов Роман Василиевич,254,9х,2,Утилов_РВ,IwQtjdeH
253,Татаурова Галина Федоровна,145,10т,4,Татаурова_ГФ,fvUUdyHB
254,Визавитина Наталия Леонидовна,101,10г,2,Визавитина_НЛ,M1IWOqCZ
255,Мягченков Артём Денисович,115,7б,4,Мягченков_АД,lCvRLO9D
256,Брикова Инна Богдановна,256,9б,4,Брикова_ИБ,VwYqonp0
257,Наторкин Валентин Данилович,319,7и,2,Наторкин_ВД,Yr1hUlcn
258,Эштрекова Софья Алексеевна,76,9в,3,Эштрекова_СА,T5D3qrRO
259,Кутаманова Кира Андреевна,182,10т,2,Кутаманова_КА,BInOjJva
260,Кыштымова Евгения Эдуардовна,255,8в,5,Кыштымова_ЕЭ,5cO2Yq1C
261,Ккнязева Клавдия Дмитриевна,34,7б,5,Ккнязева_КД,FlzQfWgv
262,Глаголина Алиса Никитична,249,9д,2,Глаголина_АН,pfIAU6a8
263,Рисина Раиса Валерьевна,451,10а,4,Рисина_РВ,Cb2wgcHA
264,Ребров Алексей Георгиевич,289,8и,3,Ребров_АГ,A0LsHryr
265,Вырысалова Александра Евгеньевна,39,11и,2,Вырысалова_АЕ,fWHzkrSk
266,Гомольский Владимир Юриевич,314,11х,5,Гомольский_ВЮ,lsePrHxb
267,Швинова Марина Федоровна,271,8г,5,Швинова_МФ,l37E68hC
268,Рудковская Инна Дмитриевна,6,7т,3,Рудковская_ИД,F3Febyot
269,Решеткина Дарья Василевна,408,10и,3,Решеткина_ДВ,he8e6FZE
270,Евстихеев Игорь Василиевич,422,10х,5,Евстихеев_ИВ,1D2sJaNE
271,Лазарина Алёна Федоровна,161,8б,3,Лазарина_АФ,wBH01tkb
272,Гляченков Григорий Николаевич,431,10а,5,Гляченков_ГН,7aRxyG1x
273,Чардынцева Алина Вадимовна,135,10д,3,Чардынцева_АВ,ixahsBN4
274,Скаредов Яков Иванович,337,9т,5,Скаредов_ЯИ,vlZ3l7p2
275,Юрицкий Эдуард Денисович,192,7д,3,Юрицкий_ЭД,oM15A04O
276,Кравчина Светлана Аркадьевна,413,11г,5,Кравчина_СА,oSkew9UR
277,Чмареткова Полина Вадимовна,449,10а,2,Чмареткова_ПВ,uCnU2nw9
278,Углова Галина Романовна,260,9г,3,Углова_ГР,3P90WdaM
279,Згуровская Виктория Андреевна,220,9т,4,Згуровская_ВА,8bdgWUdX
280,Секерский Станислав Сергеевич,235,10а,4,Секерский_СС,v5jMpR01
281,Жевайкин Евгений Адамович,86,11г,3,Жевайкин_ЕА,dkxdjfkZ
282,Коточигов Семён Игоревич,26,9д,5,Коточигов_СИ,Rs6kbMA3
283,Калонин Альберт Денисович,297,8б,2,Калонин_АД,4iUjSAOt
284,Валягин Григорий Антонович,94,10в,4,Валягин_ГА,5pw0kbPY
285,Коцева Кристина Николаевна,412,9г,3,Коцева_КН,POawzPhh
286,Голина Кристина Максимовна,3,7х,3,Голина_КМ,TJgOBBxU
287,Батрамеев Анатолий Романович,354,9х,3,Батрамеев_АР,ua9yExvq
288,Чикмарев Валентин Валериевич,306,9и,5,Чикмарев_ВВ,YC0095D2
289,Киницына Валерия Олеговна,202,7х,4,Киницына_ВО,5GB0LcU3
290,Числин Юрий Денисович,121,7в,2,Числин_ЮД,LUVpDD4L
291,Стебунова Юлия Романовна,358,9т,3,Стебунова_ЮР,wJmB6WsH
292,Кацов Павел Павлович,236,10г,5,Кацов_ПП,uAn67Jij
293,Гоцев Тарас Викторович,41,8в,3,Гоцев_ТВ,SeoQqk76
294,Мотовицкий Роман Аркадиевич,31,11и,5,Мотовицкий_РА,WAHPaOwp
295,Чурзина Клара Егоровна,308,10б,3,Чурзина_КЕ,wllijCc3
296,Щепалкина Валерия Сергеевна,134,9б,4,Щепалкина_ВС,6Fdtu3qN
297,Утимишев Ярослав Игоревич,239,11а,3,Утимишев_ЯИ,nheu8hlk
298,Алуханов Кирилл Фёдорович,298,7т,2,Алуханов_КФ,imkvrL9t
299,Полунеев Валентин Валериевич,307,8и,2,Полунеев_ВВ,KBYi6A2B
300,Крупенова Наталия Андреевна,209,7в,5,Крупенова_НА,GAwbRrV6
301,Корнюшин Илья Юрьевич,44,10т,3,Корнюшин_ИЮ,kvYCeA8I
302,Паушева Виолетта Никитична,310,8г,4,Паушева_ВН,X2tfrnAL
303,Берзин Герасим Антонович,349,11т,5,Берзин_ГА,GmUh2Dne
304,Шулунова Алла Алексеевна,54,7д,4,Шулунова_АА,T4CzX31s
305,Трепашова София Яковлевна,399,11а,2,Трепашова_СЯ,a0xBTeZV
306,Чумейкин Константин Антонович,8,8б,5,Чумейкин_КА,WO5h11y7
307,Польшиков Денис Игоревич,495,9и,2,Польшиков_ДИ,S4wyOkdE
308,Медоусова Жанна Романовна,252,7б,2,Медоусова_ЖР,mwmCBsUp
309,Акуратова Клавдия Андреевна,92,9г,5,Акуратова_КА,xy9B200E
310,Курмеева Елизавета Валерьевна,486,8а,5,Курмеева_ЕВ,duOYoS93
311,Бадов Александр Аркадиевич,217,10г,3,Бадов_АА,YWJLqeXu
312,Бакушин Эдуард Адамович,265,7б,5,Бакушин_ЭА,Q380BYXX
313,Чебина Инна Сергеевна,273,10т,2,Чебина_ИС,IEecGmJq
314,Подледнова Наталья Ивановна,112,11и,3,Подледнова_НИ,a0nc1vbN
315,Садгеева Лиза Евгеньевна,460,11г,3,Садгеева_ЛЕ,pQcnjIMm
316,Акушин Борис Павлович,493,9т,2,Акушин_БП,2fDWlEQd
317,Аришев Руслан Кириллович,379,10т,3,Аришев_РК,96V8kXE3
318,Гуслова Кристина Олеговна,389,9в,2,Гуслова_КО,x9iDynnj
319,Глоточкина Оксана Аркадьевна,370,9и,5,Глоточкина_ОА,YNr1xLeq
320,Шапина Маргарита Романовна,163,8б,5,Шапина_МР,uFF2nXY5
321,Дурылин Георгий Валериевич,261,11т,4,Дурылин_ГВ,GQloTW3D
322,Болкисева Анна Викторовна,248,7х,4,Болкисева_АВ,V7mc0ny6
323,Багапов Вячеслав Сергеевич,99,7д,4,Багапов_ВС,1nBIFUEj
324,Люцарева Яна Аркадьевна,376,11б,2,Люцарева_ЯА,NoVeCB9H
325,Боготынина София Егоровна,63,11б,5,Боготынина_СЕ,kTiRaj5K
326,Саюшкин Игорь Алексиевич,211,11х,5,Саюшкин_ИА,IO5KaKGE
327,Потешных Тамара Николаевна,468,11в,3,Потешных_ТН,QbHmDmqV
328,Незлина Жанна Василевна,426,8б,5,Незлина_ЖВ,90QEICra
329,Федичева Вероника Кирилловна,37,7х,4,Федичева_ВК,x3wGL9Lu
330,Пустынкин Вадим Антонович,388,10в,5,Пустынкин_ВА,BbabzJg7
331,Аринакова Ирина Михайловна,150,8в,5,Аринакова_ИМ,JVRqFqUL
332,Обиралкова Мария Егоровна,294,11т,5,Обиралкова_МЕ,ZbketuXB
333,Аристарова Валентина Максимовна,443,11г,2,Аристарова_ВМ,YrRJ0Yoj
334,Яуров Герасим Юрьевич,38,9а,5,Яуров_ГЮ,n5TQIIbw
335,Духонькин Вячеслав Фёдорович,2,9в,4,Духонькин_ВФ,WMK5uZOF
336,Гвасков Евгений Михаилович,402,9в,5,Гвасков_ЕМ,EpTMDreX
337,Жабынина Галина Николаевна,185,7х,5,Жабынина_ГН,uLN7SEKB
338,Шерюкова Виолетта Романовна,440,9б,4,Шерюкова_ВР,P3j7h7HF
339,Колокатов Пётр Евгеньевич,484,10в,3,Колокатов_ПЕ,tV1cgvYU
340,Шайдуков Андрей Михаилович,317,9и,4,Шайдуков_АМ,CCBS6l9F
341,Смирнягина Дарья Игоревна,425,10в,4,Смирнягина_ДИ,hxCViML5
342,Штырева Ева Олеговна,258,11и,2,Штырева_ЕО,mnX8TNr9
343,Ашукин Вячеслав Михаилович,191,10т,4,Ашукин_ВМ,odZEruSR
344,Рубченкова Галина Алексеевна,190,9в,3,Рубченкова_ГА,xAWfwNCQ
345,Зархин Иван Алексиевич,478,11и,5,Зархин_ИА,FNRlwqI0
346,Адиотов Дмитрий Павлович,156,7б,3,Адиотов_ДП,D0EFCdeo
347,Тищенкова Раиса Валерьевна,79,7д,3,Тищенкова_РВ,yfPyYmZF
348,Лозеев Илья Петрович,205,10д,2,Лозеев_ИП,uXpoSwz3
349,Кобяшов Герасим Михаилович,305,11т,2,Кобяшов_ГМ,AU9fHFVi
350,Ронова Клавдия Валерьевна,107,7и,4,Ронова_КВ,K93wy8kj
351,Стрижнов Алексей Евгеньевич,385,11г,3,Стрижнов_АЕ,sggJsWeE
352,Волынский Алексей Виталиевич,362,11т,5,Волынский_АВ,Z2wPTbx6
353,Машонский Василий Данилович,23,9д,5,Машонский_ВД,i987OEEC
354,Буриева Зинаида Аркадьевна,104,11д,4,Буриева_ЗА,4CRSZETw
355,Борщина Алёна Ивановна,377,11а,5,Борщина_АИ,KNIqzirc
356,Белчков Олег Иванович,275,10а,4,Белчков_ОИ,R5Pgj67N
357,Остропиков Альберт Данилович,157,8г,2,Остропиков_АД,vq1flC5W
358,Оргонова Любовь Максимовна,264,7б,4,Оргонова_ЛМ,QR7aD2at
359,Мальков Юрий Евгеньевич,228,7г,3,Мальков_ЮЕ,y4VAJQWb
360,Свльхова Наталья Вадимовна,160,9т,5,Свльхова_НВ,ANkfmUMU
361,Мякушков Герасим Леонидович,102,10т,3,Мякушков_ГЛ,XgtYWI1p
362,Межуев Георгий Юриевич,355,8г,4,Межуев_ГЮ,Z6FtLYdX
363,Чериншев Александр Сергеевич,439,8а,2,Чериншев_АС,PC2EEVno
364,Муниров Алексей Андреевич,117,11г,3,Муниров_АА,TySxM0Ug
365,Климухин Руслан Романович,269,10в,3,Климухин_РР,Y4C1shK3
366,Дембская Екатерина Никитична,64,11б,4,Дембская_ЕН,PhxlYhUg
367,Тюнеев Яков Фёдорович,417,10т,2,Тюнеев_ЯФ,EPaUEdLD
368,Трушитин Антон Данилович,168,9х,3,Трушитин_АД,tSDXWJhz
369,Балакишиев Роман Алексиевич,143,11х,5,Балакишиев_РА,ZtZyWBfg
370,Немтюрева Валерия Аркадьевна,12,10г,4,Немтюрева_ВА,dO6B5v61
371,Складанова Клавдия Аркадьевна,257,9а,3,Складанова_КА,FNt17S7k
372,Заходина Полина Леонидовна,93,10д,4,Заходина_ПЛ,hg7VX3Pd
373,Муринов Анатолий Борисович,171,11б,5,Муринов_АБ,YFmTEBLA
374,Гришалова Любовь Евгеньевна,301,8т,3,Гришалова_ЛЕ,CWQs1msS
375,Ситчихин Станислав Георгиевич,247,8т,5,Ситчихин_СГ,hfPEzKYU
376,Просяных Георгий Василиевич,366,9в,2,Просяных_ГВ,0Lch2ryT
377,Дзабиев Григорий Георгиевич,259,11д,5,Дзабиев_ГГ,VbRErSat
378,Рыбаулин Григорий Алексеевич,140,11а,5,Рыбаулин_ГА,scTbOxGV
379,Тупиева Екатерина Ивановна,400,7д,2,Тупиева_ЕИ,7Z0IcSBq
380,Куверчева Алена Ивановна,170,10д,3,Куверчева_АИ,UMYGW4TT
381,Цаблинова Виктория Богдановна,342,9г,4,Цаблинова_ВБ,kMm2jDue
382,Синенков Григорий Леонидович,230,9в,5,Синенков_ГЛ,MV0ehnf5
383,Лизункин Артур Олегович,4,11в,5,Лизункин_АО,XbgH34qa
384,Славущева Александра Эдуардовна,81,8а,5,Славущева_АЭ,AA80ZPdd
385,Шахвердов Дмитрий Антонович,132,11б,2,Шахвердов_ДА,EqcaPpja
386,Рапацкая Ольга Ивановна,223,10г,3,Рапацкая_ОИ,KiyLoiUE
387,Сторокожев Виталий Аркадиевич,159,9б,2,Сторокожев_ВА,HUNOs1qf
388,Половодов Кирилл Николаевич,18,8т,5,Половодов_КН,0MgMvqda
389,Халтанова Алена Дмитриевна,49,8б,3,Халтанова_АД,7In2X88P
390,Заложнев Роман Фёдорович,448,8в,4,Заложнев_РФ,UGckM0KE
391,Рыжих Кристина Аркадьевна,213,7а,4,Рыжих_КА,ALvWhbOE
392,Буров Руслан Игоревич,405,11и,5,Буров_РИ,ruJ9tzcr
393,Гачков Виталий Евгеньевич,277,9т,4,Гачков_ВЕ,agwOrKAB
394,Кадилов Геннадий Борисович,225,10в,3,Кадилов_ГБ,s5csROyG
395,Гликина Алёна Эдуардовна,454,9б,3,Гликина_АЭ,rlFpyG1Y
396,Ичкинина Любовь Андреевна,299,8г,5,Ичкинина_ЛА,0yQZsEzu
397,Мозшорина Кира Дмитриевна,65,8б,3,Мозшорина_КД,G3g9fdqi
398,Брижеватов Константин Борисович,152,11т,2,Брижеватов_КБ,db5DBH1M
399,Бучеров Тарас Викторович,429,10д,4,Бучеров_ТВ,kPQaracH
400,Мисютина Валерия Эдуардовна,368,9г,2,Мисютина_ВЭ,D8KWF4Yu
401,Льянов Федор Вадимович,328,8а,4,Льянов_ФВ,oHXdmET3
402,Щуркин Георгий Яковлевич,180,8в,4,Щуркин_ГЯ,6WUnfnWn
403,Акулин Федор Адамович,241,10г,4,Акулин_ФА,pXzy1VIm
404,Волженкова Екатерина Ивановна,233,9д,4,Волженкова_ЕИ,33KODTaK
405,Махометова София Викторовна,424,8и,3,Махометова_СВ,ZWfiiN0W
406,Зызлов Геннадий Антонович,274,7в,3,Зызлов_ГА,m5hNlmZW
407,Девляшова Кира Олеговна,51,11д,5,Девляшова_КО,1omtthoa
408,Яковкина Алена Никитична,320,9т,5,Яковкина_АН,lh768K7w
409,Бузулев Вадим Николаевич,331,10д,3,Бузулев_ВН,e28IYfE0
410,Ганельский Юрий Юриевич,474,9д,3,Ганельский_ЮЮ,HgfuMx7B
411,Шкапрова Ева Ивановна,371,7б,5,Шкапрова_ЕИ,ABPPZc8k
412,Чичирин Владимир Георгиевич,11,10а,4,Чичирин_ВГ,Yp2VaqOy
413,Шилова Надежда Викторовна,124,9б,2,Шилова_НВ,WIyJEsrg
414,Коваев Руслан Михаилович,487,9т,3,Коваев_РМ,2S8Y3FJU
415,Саверина Надежда Андреевна,407,11б,4,Саверина_НА,W8Cmf1rG
416,Тишанкин Олег Адамович,334,9д,3,Тишанкин_ОА,c5L22o5y
417,Широпаев Валерий Сергеевич,406,9б,2,Широпаев_ВС,2qJsAo2q
418,Щепанин Олег Адамович,226,7а,3,Щепанин_ОА,6jx2ONjP
419,Оплетин Владислав Аркадиевич,361,10х,4,Оплетин_ВА,X9ZX94g0
420,Оденова Карина Андреевна,409,8и,4,Оденова_КА,pVVq1Axw
421,Семагин Альберт Андреевич,456,10х,4,Семагин_АА,vcUhdMBk
422,Черданцева Анастасия Олеговна,128,8х,3,Черданцева_АО,AzUstfWY
423,Лонцова Елизавета Эдуардовна,224,7х,3,Лонцова_ЕЭ,boTTDV3v
424,Сарсекеева Алёна Никитична,462,11и,4,Сарсекеева_АН,EEMwHb15
425,Аковецкий Антон Евгеньевич,500,8б,4,Аковецкий_АЕ,zRlrQuNb
426,Аратский Станислав Борисович,351,9и,2,Аратский_СБ,J9scNsQ9
427,Чужриков Пётр Денисович,200,9в,3,Чужриков_ПД,qvGhYmnd
428,Никитшин Алексей Кириллович,111,11и,3,Никитшин_АК,Up15DMD1
429,Симендяев Василий Алексиевич,45,8д,4,Симендяев_ВА,BI176Wuo
430,Ошитков Максим Сергеевич,151,10г,4,Ошитков_МС,yD9YvTGi
431,Юрасов Евгений Романович,338,9и,3,Юрасов_ЕР,RgePudLj
432,Головяшин Павел Юриевич,179,7г,5,Головяшин_ПЮ,zqHYX3vw
433,Манжурина Екатерина Сергеевна,219,7т,3,Манжурина_ЕС,xr0xILUr
434,Никурашин Олег Евгеньевич,291,11х,2,Никурашин_ОЕ,IQM7tg9M
435,Бехтерев Федор Вадимович,137,9х,3,Бехтерев_ФВ,xw8qOrbq
436,Годлевская Катерина Дмитриевна,403,11г,3,Годлевская_КД,PUclAcIm
437,Акиярова Алина Эдуардовна,9,11а,4,Акиярова_АЭ,izVzHCqV
438,Милина Алена Петровна,359,8г,3,Милина_АП,WTlcrglq
439,Воловин Борис Викторович,350,7т,2,Воловин_БВ,tcteLFoS
440,Туморина Ксения Федоровна,133,8б,5,Туморина_КФ,lArTbe5s
441,Желейков Вячеслав Яковлевич,199,8г,3,Желейков_ВЯ,GXBMM99e
442,Шишорнина Екатерина Алексеевна,183,8т,3,Шишорнина_ЕА,8VtpPWmv
443,Юумогулова Виолетта Игоревна,311,10х,3,Юумогулова_ВИ,CkrQyhIe
444,Рецков Денис Денисович,85,10д,2,Рецков_ДД,YktgAtNb
445,Химунина Елизавета Ивановна,392,7д,2,Химунина_ЕИ,5HzijXMK
446,Кобрянов Александр Алексиевич,455,7т,2,Кобрянов_АА,plHJTpNC
447,Бирылов Тарас Данилович,243,11а,3,Бирылов_ТД,b9dniNdv
448,Туфатулин Ярослав Леонидович,485,8х,4,Туфатулин_ЯЛ,suSxTi1O
449,Долбишев Николай Аркадиевич,292,10б,5,Долбишев_НА,AlWa32xk
450,Махтумова Алёна Эдуардовна,186,10б,4,Махтумова_АЭ,fxW8zfjF
451,Нарзаркин Алексей Романович,423,10т,2,Нарзаркин_АР,ODzkngQT
452,Куранина Алена Леонидовна,196,9б,4,Куранина_АЛ,oxsyd4iw
453,Ситюков Аркадий Евгеньевич,32,10в,3,Ситюков_АЕ,8Aik2kEg
454,Мизюрова Алиса Никитична,176,7г,4,Мизюрова_АН,5uRA0ong
455,Пандурова Алиса Дмитриевна,130,9б,2,Пандурова_АД,ApdIxgBX
456,Жилейкин Борис Тимофеевич,91,7в,2,Жилейкин_БТ,nDvsL45K
457,Корпункова Виолетта Сергеевна,83,11а,3,Корпункова_ВС,nYBvZFeN
458,Пашохонова Анастасия Федоровна,467,9в,4,Пашохонова_АФ,KJwsWrpz
459,Сузальцева Тамара Михайловна,357,8х,4,Сузальцева_ТМ,mItxMkIa
460,Чиличкина Светлана Яковлевна,5,8в,5,Чиличкина_СЯ,MF5hXWtl
461,Шантыкова Карина Максимовна,198,10д,3,Шантыкова_КМ,AynGvBHv
462,Недосекин Владислав Яковлевич,457,10а,4,Недосекин_ВЯ,RNqYZyFT
463,Максимкин Федор Фёдорович,172,10г,2,Максимкин_ФФ,ya8Jntri
464,Матбиюшина Виктория Игоревна,237,8д,2,Матбиюшина_ВИ,GmtQ75tb
465,Шишкунов Герасим Юрьевич,110,8т,4,Шишкунов_ГЮ,2ajRtxkn
466,Сухинин Георгий Алексиевич,475,10х,4,Сухинин_ГА,QY1U3qcu
467,Бисеева Полина Романовна,48,7д,5,Бисеева_ПР,W4Rmy4g0
468,Жукулов Михаил Денисович,60,11г,3,Жукулов_МД,J3AwIASh
469,Тоняев Герасим Петрович,378,9т,5,Тоняев_ГП,4tOGVMuI
470,Шушенкова Алёна Олеговна,36,7и,2,Шушенкова_АО,5l1ryIZS
471,Разроев Дмитрий Павлович,59,9а,2,Разроев_ДП,sUyPAK8x
472,Баззаев Анатолий Данилович,339,9д,2,Баззаев_АД,yQwaOehn
473,Цекова Алла Олеговна,50,8д,2,Цекова_АО,glySUBMx
474,Аборонова Алиса Алексеевна,444,7г,5,Аборонова_АА,QloIkC7h
475,Ягловская Ева Олеговна,181,8в,4,Ягловская_ЕО,ZZ6ruUyB
476,Шароварова Яна Романовна,175,8а,4,Шароварова_ЯР,OG6a3pwq
477,Общев Яков Викторович,466,8а,4,Общев_ЯВ,uBKfcxze
478,Ойзерская Катерина Эдуардовна,120,7х,2,Ойзерская_КЭ,3QktEvBi
479,Прусский Ярослав Иванович,479,11б,2,Прусский_ЯИ,9IW8A41k
480,Лабинов Павел Алексеевич,272,7б,5,Лабинов_ПА,fTo8vvmI
481,Покровов Эдуард Павлович,312,8б,2,Покровов_ЭП,n6L8DfLJ
482,Мачехин Эдуард Данилович,19,7д,3,Мачехин_ЭД,5BrrjOkS
483,Кодорская Раиса Ивановна,27,11б,3,Кодорская_РИ,reCryVND
484,Кондраева Марина Ивановна,469,9д,3,Кондраева_МИ,BAjAKHN3
485,Бульенков Валентин Иванович,136,10т,4,Бульенков_ВИ,UIb0R2i9
486,Тагакова Вероника Яковлевна,393,8т,4,Тагакова_ВЯ,Axd81EfI
487,Гершанова Любовь Евгеньевна,383,11т,5,Гершанова_ЛЕ,X0zX2wUG
488,Салина Алена Егоровна,73,11в,5,Салина_АЕ,ysbi7hUQ
489,Фрумова Зинаида Аркадьевна,78,8а,4,Фрумова_ЗА,Ed4qM3Np
490,Хорняков Борис Борисович,13,8г,2,Хорняков_ББ,IXfPlSv5
491,Гдагазина Лиза Василевна,212,9т,5,Гдагазина_ЛВ,l8Wkbt2x
492,Агаршев Ярослав Михаилович,276,9т,2,Агаршев_ЯМ,VOfMdD8Q
493,Корюшин Пётр Антонович,326,8х,2,Корюшин_ПА,hjJua91F
494,Калаев Пётр Алексиевич,68,8а,3,Калаев_ПА,Tm6QDUrr
495,Ккаталкина Виолетта Егоровна,53,7б,2,Ккаталкина_ВЕ,ZLOaoGL8
496,Рачнов Герасим Алексеевич,103,10а,5,Рачнов_ГА,OmFLedvf
497,Миндубаева Людмила Леонидовна,477,11и,2,Миндубаева_ЛЛ,1FwH5om5
498,Агафьева Вера Ивановна,352,11х,3,Агафьева_ВИ,tiy35THM
499,Житин Эдуард Адамович,481,9а,5,Житин_ЭА,rKZENdLn
